{"cameraMode":{"drawMode":0,"name":"Shaded","section":"Shading Mode"},"sceneLighting":true,"audioPlay":false,"sceneViewState":{"showFog":true,"showMaterialUpdate":false,"showSkybox":true,"showFlares":true,"showImageEffects":true,"showParticleSystems":true},"in2DMode":false,"pivot":{"x":0.251101016998291,"y":1.6473443508148194,"z":-1.0912561416625977},"rotation":{"x":-0.0473928339779377,"y":0.9322976469993591,"z":-0.13262659311294557,"w":-0.3331475257873535},"size":11.411661148071289,"orthographic":false}