{"cameraMode":{"drawMode":0,"name":"Shaded","section":"Shading Mode"},"sceneLighting":true,"audioPlay":false,"sceneViewState":{"showFog":true,"showMaterialUpdate":false,"showSkybox":true,"showFlares":true,"showImageEffects":true,"showParticleSystems":true},"in2DMode":false,"pivot":{"x":-3.832592010498047,"y":1.8957691192626954,"z":-4.220571517944336},"rotation":{"x":0.04874209314584732,"y":0.9463710784912109,"z":-0.17105671763420106,"w":0.2698868215084076},"size":31.858654022216798,"orthographic":false}