{"cameraMode":{"drawMode":0,"name":"Shaded","section":"Shading Mode"},"sceneLighting":true,"audioPlay":false,"sceneViewState":{"showFog":true,"showMaterialUpdate":false,"showSkybox":true,"showFlares":true,"showImageEffects":true,"showParticleSystems":true},"in2DMode":false,"pivot":{"x":4.37486457824707,"y":3.1376724243164064,"z":-11.529199600219727},"rotation":{"x":0.2448740303516388,"y":0.37321749329566958,"z":-0.10284613072872162,"w":0.8889634609222412},"size":30.48674964904785,"orthographic":false}