{"cameraMode":{"drawMode":0,"name":"Shaded","section":"Shading Mode"},"sceneLighting":true,"audioPlay":false,"sceneViewState":{"showFog":true,"showMaterialUpdate":false,"showSkybox":true,"showFlares":true,"showImageEffects":true,"showParticleSystems":true},"in2DMode":false,"pivot":{"x":16.57107925415039,"y":8.840815544128418,"z":1.7403062582015992},"rotation":{"x":-0.053045012056827548,"y":0.5979616641998291,"z":-0.03970843926072121,"w":-0.7987854480743408},"size":11.411661148071289,"orthographic":false}